Position,Company,Location,URL
Quantitative Researcher Digital Assets Market Making,Keyrock,Worldwide,https://remoteok.com/remote-jobs//remote-jobs/remote-quantitative-researcher-digital-assets-market-making-keyrock-178770
Crypto Quantitative Analyst Intern,Token Metrics,Worldwide,https://remoteok.com/remote-jobs//remote-jobs/remote-crypto-quantitative-analyst-intern-token-metrics-177819
Backend Engineer,IEX,Worldwide,https://remoteok.com/remote-jobs//remote-jobs/remote-backend-engineer-iex-177310
Data Engineer Intern,DeFiner,Worldwide,https://remoteok.com/remote-jobs//remote-jobs/remote-data-engineer-intern-definer-177281
DevOps Engineer,Braintrust,Global,https://remoteok.com/remote-jobs//remote-jobs/remote-devops-engineer-braintrust-176289
Observability Engineer DevOps Staked,Kraken,Remote Anywhere,https://remoteok.com/remote-jobs//remote-jobs/remote-observability-engineer-devops-staked-kraken-175788
Rust Developer,Status SNT,Remote (Worldwide),https://remoteok.com/remote-jobs//remote-jobs/remote-rust-developer-status-snt-174772
Python Dev SpiffWorkFlow,Status SNT,Remote (Worldwide),https://remoteok.com/remote-jobs//remote-jobs/remote-python-dev-spiffworkflow-status-snt-174777
Senior Full Stack Developer,Enya,Worldwide,https://remoteok.com/remote-jobs//remote-jobs/remote-senior-full-stack-developer-enya-174773
Senior Full Stack Developer,Commit,ðŸ‡¨ðŸ‡¦ Canada,https://remoteok.com/remote-jobs//remote-jobs/remote-senior-full-stack-developer-commit-173970
Python Developer,lemon.io,ðŸ‡ªðŸ‡º Europe,https://remoteok.com/remote-jobs//remote-jobs/remote-python-developer-lemon-io-173836
DevOps Engineer Integrations,Braintrust,Global,https://remoteok.com/remote-jobs//remote-jobs/remote-devops-engineer-integrations-braintrust-172811
Condor Software . Engineering Manager Direct Hire,Braintrust,Global,https://remoteok.com/remote-jobs//remote-jobs/remote-condor-software-engineering-manager-direct-hire-braintrust-172817
Master Python Engineer,Braintrust,Global,https://remoteok.com/remote-jobs//remote-jobs/remote-master-python-engineer-braintrust-172307
DevOps Engineer,Braintrust,Global,https://remoteok.com/remote-jobs//remote-jobs/remote-devops-engineer-braintrust-172308
Sales Manager,Latoken,Remote Worldwide,https://remoteok.com/remote-jobs//remote-jobs/remote-sales-manager-latoken-172310
Backend Python Developer,Braintrust,Global,https://remoteok.com/remote-jobs//remote-jobs/remote-backend-python-developer-braintrust-171807
Senior Backend Engineer,TradeBlock,Worldwide,https://remoteok.com/remote-jobs//remote-jobs/remote-senior-backend-engineer-tradeblock-171306
DevOps engineer,Latoken,Remote Worldwide,https://remoteok.com/remote-jobs//remote-jobs/remote-devops-engineer-latoken-170337
Quantitative Strategist DeFi,Re7,ðŸ‡¬ðŸ‡§ United Kingdom,https://remoteok.com/remote-jobs//remote-jobs/remote-quantitative-strategist-defi-re7-169368
Full Stack Software Engineer (Python / Django / React),Trustworthy,Anywhere in the World,https://weworkremotely.com/remote-jobs/trustworthy-full-stack-software-engineer-python-django-react-1
Python Developer,lemon.io,Latin America Only/Europe Only/Canada Only,https://weworkremotely.com/remote-jobs/lemon-io-python-developer-3
Senior Open Source Developer & DevOps (Python, Django, React, AWS/OpenStack),OpenCraft,Anywhere in the World,https://weworkremotely.com/remote-jobs/opencraft-senior-open-source-developer-devops-python-django-react-aws-openstack
Senior Python Engineer: Long-term job - 100% remote,Proxify AB,Anywhere in the World,https://weworkremotely.com/remote-jobs/proxify-ab-senior-python-engineer-long-term-job-100-remote
(Senior) Python Full Stack Software Developer,Optimile,Europe Only,https://weworkremotely.com/remote-jobs/optimile-senior-python-full-stack-software-developer
Senior Full-stack Engineer with Python,NannyML,Anywhere in the World,https://weworkremotely.com/remote-jobs/nannyml-senior-full-stack-engineer-with-python
Python Engineer (Web Scraping),Shake,Anywhere in the World,https://weworkremotely.com/remote-jobs/shake-python-engineer-web-scraping
Senior Software Engineer, Python,AssemblyAI (YC 17),Anywhere in the World,https://weworkremotely.com/remote-jobs/assemblyai-yc-17-senior-software-engineer-python
Senior Python Developer - Full Remote,Ebury,Latin America Only/Europe Only,https://weworkremotely.com/remote-jobs/ebury-senior-python-developer-full-remote-1
Python Platform Engineer,Doximity,Americas Only,https://weworkremotely.com/remote-jobs/doximity-python-platform-engineer
DÃ©veloppeur(e) de Python & Golang | Python & Golang Developer (Kubernetes),VEXXHOST, Inc.,Anywhere in the World,https://weworkremotely.com/remote-jobs/vexxhost-inc-developpeur-e-de-python-golang-python-golang-developer-kubernetes
